epoch,step,train_loss
0,49,2.142652988433838
0,99,1.1883673667907715
0,149,1.6167347431182861
