epoch,step,train_loss
0,49,0.2297959178686142
0,99,1.4436734914779663
0,149,0.663877546787262
0,199,2.0530612468719482
0,249,0.46653059124946594
0,299,1.1253061294555664
