epoch,step,train_loss
0,49,0.20000000298023224
0,99,0.3265306055545807
